{
    "corner_1": [
        0.63118127, 0.82033707
    ],
    "corner_2": [
        0.62051643, 0.26567542
    ],
    "corner_3": [
        -0.24523318,  0.27852508
    ],
    "corner_4": [
        -0.23456834,  0.83318673
    ],
    "vertex_1": [
        0.30817788, 0.5827127
    ],
    "vertex_2": [
        0.30392119, 0.27496909
    ],
    "vertex_3": [
        0.0743069,  0.27804928
    ],
    "vertex_4": [
        0.07167329, 0.58233797
    ]
}