{
    "corner_1": [
        0.6200374802433759,
        0.8146265331819574
    ],
    "corner_2": [
        0.6148631424267771,
        0.26944064582430155
    ],
    "corner_3": [
        -0.24312931504923457,
        0.28365992215959934
    ],
    "corner_4": [
        -0.23795497723263578,
        0.8288458095172553
    ],
    "vertex_1": [
        0.31,
        0.64
    ],
    "vertex_2": [
        0.31,
        0.50
    ],
    "vertex_3": [
        0.08,
        0.50
    ],
    "vertex_4": [
        0.08,
        0.64
    ]
}